## Recepies

INSERT INTO `Receita` (`id`,`nome`,`imagem`,`preparacao`,`calorias`,`gorduras`,`hidratos`,`proteina`,`tipo`,`nPessoas`,validacao) VALUES (1,' ','https://s1.postimg.org/hrazrqni7/transparent.png',' ',0,0,0,0,' ',0,'aprovada');
INSERT INTO `Receita` (`id`,`nome`,`imagem`,`preparacao`,`calorias`,`gorduras`,`hidratos`,`proteina`,`tipo`,`nPessoas`,validacao) VALUES (2,'Esparguete com Frango do Campo em Molho de Tomate','https://www.pingodoce.pt/wp-content/uploads/2015/12/1449085327','Separe os brócolos em raminhos, lave e escorra.Encha 1 tacho com água e leve ao lume. Quando a água ferver, tempere com sal e introduza os raminhos de brócolos. Deixe cozer destapados até estarem macios.Retire os brócolos com uma escumadeira e introduza na mesma água o esparguete. Deixe cozer até estar al-dente.Descasque a cebola e pique-a finamente. Esborrache os dentes de alho e pique-os. Lave o talo de aipo, tire-lhe os fios e corte em fatias finas. Deite o azeite num tacho,leve ao lume e adicione os dentes de alho, depois a cebola picada, o aipo e a folha de louro. Deixe cozinhar sobre lume moderado, mexendo de vez em quando. Limpe o tomate de pele e sementes, pique-o em pedaços e junte ao cozinhado. Deixe o tomate cozinhar até estar macio e regue com o vinho branco. Tempere com sal e pimenta e deixe ferver um pouco até apurar. Adicione 4 a 5 folhas de manjericão fresco, retire do lume e triture com a varinha mágica. Adicione o frango desfiado e leve de novo ao lume até levantar fervura.Escora o esparguete e sirva-o com o frango em molho de tomate, enfeitado com as azeitonas pretas e folhas frescas de manjericão. Acompanhe com os brócolos cozidos.',284,16,14,19,'Carne',6,'aprovada');
INSERT INTO `Receita` (`id`,`nome`,`imagem`,`preparacao`,`calorias`,`gorduras`,`hidratos`,`proteina`,`tipo`,`nPessoas`,validacao) VALUES (3,'Creme de Tomate','http://www.petiscos.com/fotos_utilizadores/34578504fffb23b1b5e05e367fa3d9def1c81_tomatensuppe-mit-creme-fraiche-2.jpg','Descasque a cebola e pique-a finamente, elimine os talos rijos do bolbo de funcho, reserve as folhinhas verdes e pique a parte restante. Pele a cenoura e corte-a em cubinhos pequenos.Deite o azeite e os legumes numa panela, tape e leve a cozinhar sobre lume muito brando.Entretanto, pele o tomate, corte-o ao meio e limpe-o de sementes. Pique o tomate em pedaços e junte-o aos restantes legumes. Salpique com cerca de 1 colher de sobremesa de sal, volte a tapar e deixe cozinhar durante cerca de 10 minutos, mexendo de vez em quando.Ao mesmo tempo coza o ovo em água temperada com sal durante 10 minutos.Adicione o açúcar e a água a ferver. Quando os legumes estiverem macios triture-os com a varinha mágica e retifique os temperos se necessário.Descasque o ovo e pique-o finamente.Deite a sopa nos pratos de serviço, salpique com o ovo picado e as folhinhas de funcho e o cebolinho.',143,9,14,4,'Vegetariano',5,'aprovada');
INSERT INTO `Receita` (`id`,`nome`,`imagem`,`preparacao`,`calorias`,`gorduras`,`hidratos`,`proteina`,`tipo`,`nPessoas`,validacao) VALUES (4,'Borrego com Especiarias','http://www.vaqueiro.pt/upload/v4_0/receitas/6000/5163/oa0v2n3c.3vt_b9bdf24a_listing.jpeg','Limpe muito bem a pá de borrego de peles e gorduras. Junte o caril, a noz-moscada, a canela em pó, a paprica, a folha de louro cortada em pedaços pequenos e o vinagre e misture tudo muito bem. Tempere a carne com esta mistura.Pré-aqueça o forno a 170ºC. Lave as batatas, corte-as em gomos e coloque-as num tabuleiro de forno. Tempere com uma colher de sobremesa de sal, o tomilho, o mel e duas colheres de sopa de azeite. Misture bem. Leve ao forno durante cerca de 50 minutos ou até as batatas estarem tenras. Mexa-as de vez em quando.Ao mesmo tempo, frite os pedaços de borrego no restante azeite bem quente até a carne alourar. Reduza o lume e junte a cebola picada e as rodelas de alho-francês. Tape e deixe cozinhar sobre lume brando cerca de 40 minutos.Lave o tomate, limpe-o de sementes e pique-o em pedaços. Junte o tomate e a maçã reineta, previamente pelada e ralada, ao borrego e tempere com uma colher de chá de sal. Volte a tapar e cozinhe sobre lume muito brando mais 20 minutos ou até a carne estar tenra. Retire do lume, salpique com os coentros picados e sirva com as batatas assadas.',358,17,26,20,'Carne',6,'aprovada');
INSERT INTO `Receita` (`id`,`nome`,`imagem`,`preparacao`,`calorias`,`gorduras`,`hidratos`,`proteina`,`tipo`,`nPessoas`,validacao) VALUES (5,'Strogonoff de Frango','http://img.itdg.com.br/tdg/images/recipes/000/002/462/80094/80094_original.jpg?mode=crop&width=370&height=278','Em uma panela, misture o frango, o alho, a maionese, o sal e a pimenta. Em uma frigideira grande, derreta a manteiga e doure a cebola. Em uma frigideira grande, derreta a manteiga e doure a cebola. Adicione os cogumelos, o ketchup e a mostarda. Incorpore as natas e retire do fogo antes de ferver. Sirva com arroz branco e batata palha.',592,39,22,36,'Carne',4,'aprovada');
INSERT INTO `Receita` (`id`,`nome`,`imagem`,`preparacao`,`calorias`,`gorduras`,`hidratos`,`proteina`,`tipo`,`nPessoas`,validacao) VALUES (6,'Arroz de Frango com Grão e Pimento','http://www.1001receitasfaceis.net/wp-content/uploads/2017/03/arrozdefrangocomgraoepimento617-e1489698566350.jpg','Corte os bifes de frango em tiras, tempere-as com o sumo do limão, uma colher de chá de sal e um pouco de pimenta. Ferva a água. Deite o azeite num tacho, junte a cebola picada, os pimentos em cubos pequenos, os cogumelos, o arroz, as tiras de frango e o grão bem escorrido. Mexa, junte a água a ferver e o restante sal. Envolva tudo de novo. Tape e leve a lume brando cerca de 30 minutos. Decore com folhas de tomilho e sirva.',218,8,18,17,'Carne',6,'aprovada');
INSERT INTO `Receita` (`id`,`nome`,`imagem`,`preparacao`,`calorias`,`gorduras`,`hidratos`,`proteina`,`tipo`,`nPessoas`,validacao) VALUES (7,'Feijoada de frango','http://www.1001receitasfaceis.net/wp-content/uploads/2016/03/12715261_995478440511204_3702347544803952411_n.jpg','Demolhe o feijão encarnado de véspera. No dia seguinte, coza-o em água com um fio de azeite, cerca de 40 minutos, numa panela de pressão. Entretanto, corte o frango em pedaços e tempere-os com sal e a massa de pimentão. Descasque e pique a cebola e os dentes de alho; corte o alho francês em rodelas e refogue-os no azeite com a folha de louro. Adicione o frango e deixe corar. Limpe o tomate de peles e grainhas, pique-o e junte-o ao preparado anterior. Refresque com o vinho branco, junte o chouriço, cortado em rodelas, e tempere com sal, pimenta e um pouco de cominhos. Acrescente o feijão encarnado e deixe ferver. Retifique os temperos. Retire, polvilhe com coentros picados e sirva, logo de seguida.',470,23,16,44,'Carne',7,'aprovada');
INSERT INTO `Receita` (`id`,`nome`,`imagem`,`preparacao`,`calorias`,`gorduras`,`hidratos`,`proteina`,`tipo`,`nPessoas`,validacao) VALUES (8,'Bacalhau desfiado com ovos mexidos','http://s2.glbimg.com/sNb4mjiMkaKINol1R2LrLa7qUpQ=/g.glbimg.com/og/gs/gsat5/f/original/2016/05/11/bacalhaumexido.jpg','Cozinhe o bacalhau dessalgado em azeite no fogo médio. Corte a cebola, o bacon, a copa e refogue tudo. Pique os dois tipos de azeitona e junte ao refogado. Desfie o bacalhau e junte à mistura. Faça um ovo mexido com os ovos e acrescente à mistura. Corte os aspargos em pequenas fatias e puxe levemente na manteiga para que ainda continuem crocantes. Faça um suco de maçã e reduza um pouco no fogo médio para colocar no fundo da colher. Rale a batata e frite. Monte o mexido de bacalhau em cima do suco de maçã, e finalize com a batata frita.',362,20,17,31,'Peixe',5,'aprovada');
INSERT INTO `Receita` (`id`,`nome`,`imagem`,`preparacao`,`calorias`,`gorduras`,`hidratos`,`proteina`,`tipo`,`nPessoas`,validacao) VALUES (9,'Mousse de Chocolate','https://i.ytimg.com/vi/vkhgD5LCe7s/hqdefault.jpg','Bata as gemas até dobrarem de volume. Junte o açúcar e continue batendo. Derreta o chocolate e acrescente à gemada. Junte o creme de leite, batendo sempre. Por fim, acrescente as claras em neve (bem batidas mesmo), misturando rapidamente na batedeira. Leve à geladeira e sirva-se, deliciando o melhor mousse e mais simples de fazer.',259,11,34,6,'Sobremesa',10,'aprovada');
INSERT INTO `Receita` (`id`,`nome`,`imagem`,`preparacao`,`calorias`,`gorduras`,`hidratos`,`proteina`,`tipo`,`nPessoas`,validacao) VALUES (10,'Doce da Avó','https://i2.wp.com/receitasavolili.com/wp-content/uploads/2013/05/Doce%20da%20Av%201.jpg?w=600','Comece por bater bem as natas frescas até ganharem uma consistência mais firme. Adicione o leite condensado e continue a bater mais um pouco. À parte, amoleça a gelatina num pouco de água e leve-a ao lume muito brando (ou mesmo em banho maria) mexendo sempre até derreter bem. Junte a gelatina ao preparado das natas e leite condensado. De seguida, bata as claras em castelo e envolva-as no preparado do doce de natas. Disponha o Doce da Avó numa taça grande ou pequenas taças individuais, alternando as camadas. Primeiro coloque o creme, de seguida os palitos esfarelados, e assim sucessivamente, acabando com uma camada de palitos (ver fotografia).',377,21,39,9,'Sobremesa',10,'aprovada');
INSERT INTO `Receita` (`id`,`nome`,`imagem`,`preparacao`,`calorias`,`gorduras`,`hidratos`,`proteina`,`tipo`,`nPessoas`,validacao) VALUES (11,'Fusilli com Salmão Fumado','http://www.1001receitasfaceis.net/wp-content/uploads/2017/02/1086x562_fusilli_salmao_fumado-1-e1487164470101.jpg','Coza a massa com um fio de azeite e sal. Escorra e reserve. Coloque a Manteiga Mimosa sem sal e as curgetes num tacho com duas colheres de sopa de água e deixe estufar as curgetes. Junte o Molho de Nata Mimosa para Bacalhau e Outros Peixes e o salmão cortado em tiras. Deixe levantar fervura, misture a massa e junte a salsa picada. Sirva com salada.',696,20,90,34,'Peixe',3,'aprovada');
INSERT INTO `Receita` (`id`,`nome`,`imagem`,`preparacao`,`calorias`,`gorduras`,`hidratos`,`proteina`,`tipo`,`nPessoas`,validacao) VALUES (12,'Arroz de Polvo','http://www.1001receitasfaceis.net/wp-content/uploads/2015/11/Arroz-de-polvo.jpg','Comece por preparar o polvo como habitualmente, e leve-o a cozer. Deixe-o cozer até ficar tenro, mas sem se desfazer. Retire-o da água e corte em pedacinhos. Reserve a água. Faça um refogado com o azeite, a cebola e os alhos. Quando a cebola estiver ligeiramente dourada, junte um pouquinho de água de cozer o polvo. Deixe ferver e junte as malaguetas, os pimentos em tiras pequenas e o polvo. Tempere de sal e deixe ferver cinco minutos. Adicione meio litro da água do polvo e junte o arroz. Deixe cozer cerca de 15 minutos. Se necessário, e se gostar do arroz bem soltinho, junte mais água do polvo. Rectifique os temperos e sirva polvilhado de salsa picada.',470,8,37,63,'Peixe',4,'aprovada');
INSERT INTO `Receita` (`id`,`nome`,`imagem`,`preparacao`,`calorias`,`gorduras`,`hidratos`,`proteina`,`tipo`,`nPessoas`,validacao) VALUES (13,'Esparguete à Bolonhesa','http://www.1001receitasfaceis.net/wp-content/uploads/2013/02/massa-a-bolonhesa.jpg','Coza o esparguete conforme as instruções da embalagem (truque: para que o esparguete não cole, coza-o apenas em água e sal, depois de cozido, escorra-o, regue com um fio de azeite e envolva). Leve ao lume um tacho com um fio de azeite, junte a cebola, os alhos, o louro, o pimento verde e a noz-moscada. Mexa e deixe ganhar cor. Junte a carne, tempere com sal e mexa. Deixe cozinhar um pouco para que ganhe cor. Regue com o vinho, junte o meio cubo de caldo de carne e mexa. Tape e deixe cozinhar entre 5 a 10 minutos. Junte a polpa de tomate, mexa e deixe o molho apurar. Disponha o esparguete (escorrido) num prato e coloque a carne picada por cima, polvilhe com orégãos a gosto.',327,15,13,30,'Carne',4,'aprovada');
INSERT INTO `Receita` (`id`,`nome`,`imagem`,`preparacao`,`calorias`,`gorduras`,`hidratos`,`proteina`,`tipo`,`nPessoas`,validacao) VALUES (14,'Abóboras Recheadas de Cuscuz, Espináfres, Romã e Grão','https://chef.continente.pt/sites/default/files/styles/recipe_big/public/recipes/imgchefe_642x306_0.jpg?itok=cXBfWCzE','Cozinhe o cuscuz segundo as instruções da embalagem. Quando este estiver cozinhado solte-o com um garfo e tempere-o com sal e pimenta a gosto. Regue com o sumo de laranja e polvilhe com folhas de tomilho fresco. Reserve. Enquanto isso coza a abóbora em bastante água com uma pitada de sal. Coza até a parte de dentro ficar tenra mas a casca não se partir. Escorra e deixe arrefecer. Raspe o interior da abóbora de modo a fazer duas caixinhas para rechear. Escorra o grão e misture-os com as grainhas de romã e as folhas de espinafres. Numa taça junte o sumo de limão, a mostarda e o mel. Envolva bem até obter um molho grosso e suave. Deite este molho na mistura de grão. Em seguida envolva tudo isto no cuscuz. Misture tudo muito bem. Recheie as abóboras com o preparado de cuscuz e grão, retifique os temperos e sirva de imediato.',168,3,29,7,'Vegan',5,'aprovada');

## Ingredients

INSERT INTO `Ingrediente` (`id`,`calorias`,`gorduras`,`hidratos`,`modoPreparacao`,`nome`,`proteina`) VALUES (1,25,0.5,4.4,'cozido','bróculos',3.2);
INSERT INTO `Ingrediente` (`id`,`calorias`,`gorduras`,`hidratos`,`modoPreparacao`,`nome`,`proteina`) VALUES (2,101,0.6,19.9,'cozido','esparguete',3.4);
INSERT INTO `Ingrediente` (`id`,`calorias`,`gorduras`,`hidratos`,`modoPreparacao`,`nome`,`proteina`) VALUES (3,17,0.2,3.1,'cru','cebola',0.9);
INSERT INTO `Ingrediente` (`id`,`calorias`,`gorduras`,`hidratos`,`modoPreparacao`,`nome`,`proteina`) VALUES (4,67,0.6,11.3,'cru','alho',3.8);
INSERT INTO `Ingrediente` (`id`,`calorias`,`gorduras`,`hidratos`,`modoPreparacao`,`nome`,`proteina`) VALUES (5,11,0.1,1.5,'frito','aipo',1.1);
INSERT INTO `Ingrediente` (`id`,`calorias`,`gorduras`,`hidratos`,`modoPreparacao`,`nome`,`proteina`) VALUES (6,900,99.9,0,'cru','azeite',0);
INSERT INTO `Ingrediente` (`id`,`calorias`,`gorduras`,`hidratos`,`modoPreparacao`,`nome`,`proteina`) VALUES (7,20,0.3,3.5,'cru','tomate',0.8);
INSERT INTO `Ingrediente` (`id`,`calorias`,`gorduras`,`hidratos`,`modoPreparacao`,`nome`,`proteina`) VALUES (8,82,0,3.82,'cru','vinho branco',0.1);
INSERT INTO `Ingrediente` (`id`,`calorias`,`gorduras`,`hidratos`,`modoPreparacao`,`nome`,`proteina`) VALUES (9,204,11.1,0,'cru','frango',26.1);
INSERT INTO `Ingrediente` (`id`,`calorias`,`gorduras`,`hidratos`,`modoPreparacao`,`nome`,`proteina`) VALUES (10,137,14.2,4.1,'cru','azeitonas pretas',0.9);
INSERT INTO `Ingrediente` (`id`,`calorias`,`gorduras`,`hidratos`,`modoPreparacao`,`nome`,`proteina`) VALUES (11,40,0,7,'cru','funcho',1);
INSERT INTO `Ingrediente` (`id`,`calorias`,`gorduras`,`hidratos`,`modoPreparacao`,`nome`,`proteina`) VALUES (12,19,4.79,8,'cru','cenoura',0.74);
INSERT INTO `Ingrediente` (`id`,`calorias`,`gorduras`,`hidratos`,`modoPreparacao`,`nome`,`proteina`) VALUES (13,149,10.8,0,'cozido','ovo de galinha',13);
INSERT INTO `Ingrediente` (`id`,`calorias`,`gorduras`,`hidratos`,`modoPreparacao`,`nome`,`proteina`) VALUES (14,0,0,0,'cru','cebolinho',0);
INSERT INTO `Ingrediente` (`id`,`calorias`,`gorduras`,`hidratos`,`modoPreparacao`,`nome`,`proteina`) VALUES (15,387,0,100,'cru','açucar',0);
INSERT INTO `Ingrediente` (`id`,`calorias`,`gorduras`,`hidratos`,`modoPreparacao`,`nome`,`proteina`) VALUES (16,166,7.6,0,'frito','borrego (pá)',24.5);
INSERT INTO `Ingrediente` (`id`,`calorias`,`gorduras`,`hidratos`,`modoPreparacao`,`nome`,`proteina`) VALUES (17,210,0,9.5,'cru','vinagre de sidra',0);
INSERT INTO `Ingrediente` (`id`,`calorias`,`gorduras`,`hidratos`,`modoPreparacao`,`nome`,`proteina`) VALUES (18,152,4.8,23.7,'assado','batata',3);
INSERT INTO `Ingrediente` (`id`,`calorias`,`gorduras`,`hidratos`,`modoPreparacao`,`nome`,`proteina`) VALUES (19,70,0.3,2.9,'cru','alho francês',1.8);
INSERT INTO `Ingrediente` (`id`,`calorias`,`gorduras`,`hidratos`,`modoPreparacao`,`nome`,`proteina`) VALUES (20,66,0.5,15.9,'cru','maçã',0.3);
INSERT INTO `Ingrediente` (`id`,`calorias`,`gorduras`,`hidratos`,`modoPreparacao`,`nome`,`proteina`) VALUES (21,44,0.6,1.8,'cru','coentros',2.4);
INSERT INTO `Ingrediente` (`id`,`calorias`,`gorduras`,`hidratos`,`modoPreparacao`,`nome`,`proteina`) VALUES (22,26,0.3,1.9,'cru','limão',0.5);
INSERT INTO `Ingrediente` (`id`,`calorias`,`gorduras`,`hidratos`,`modoPreparacao`,`nome`,`proteina`) VALUES (23,122,3.2,0,'frito','frango',21.6);
INSERT INTO `Ingrediente` (`id`,`calorias`,`gorduras`,`hidratos`,`modoPreparacao`,`nome`,`proteina`) VALUES (24,270,27,6.2,'cru','maionese',0.7);
INSERT INTO `Ingrediente` (`id`,`calorias`,`gorduras`,`hidratos`,`modoPreparacao`,`nome`,`proteina`) VALUES (25,739,81.8,0.7,'cru','manteiga',0.1);
INSERT INTO `Ingrediente` (`id`,`calorias`,`gorduras`,`hidratos`,`modoPreparacao`,`nome`,`proteina`) VALUES (26,85,0.1,19,'cru','ketchup',1);
INSERT INTO `Ingrediente` (`id`,`calorias`,`gorduras`,`hidratos`,`modoPreparacao`,`nome`,`proteina`) VALUES (27,270,25,9,'cru','mostarda',1.5);
INSERT INTO `Ingrediente` (`id`,`calorias`,`gorduras`,`hidratos`,`modoPreparacao`,`nome`,`proteina`) VALUES (28,12,0.4,0,'cru','cogumelos',2.1);
INSERT INTO `Ingrediente` (`id`,`calorias`,`gorduras`,`hidratos`,`modoPreparacao`,`nome`,`proteina`) VALUES (29,306,32,2.7,'cru','natas',1.9);
INSERT INTO `Ingrediente` (`id`,`calorias`,`gorduras`,`hidratos`,`modoPreparacao`,`nome`,`proteina`) VALUES (30,556,36,51.2,'frito','batata palha',6.4);
INSERT INTO `Ingrediente` (`id`,`calorias`,`gorduras`,`hidratos`,`modoPreparacao`,`nome`,`proteina`) VALUES (31,127,0.2,28,'cozido','arroz',2.5);
INSERT INTO `Ingrediente` (`id`,`calorias`,`gorduras`,`hidratos`,`modoPreparacao`,`nome`,`proteina`) VALUES (32,22,0.6,2.7,'cru','pimento',1.6);
INSERT INTO `Ingrediente` (`id`,`calorias`,`gorduras`,`hidratos`,`modoPreparacao`,`nome`,`proteina`) VALUES (33,121,2.1,16.7,'cozido','grão',8.4);
INSERT INTO `Ingrediente` (`id`,`calorias`,`gorduras`,`hidratos`,`modoPreparacao`,`nome`,`proteina`) VALUES (34,0,0,0,'cru','água',0);
INSERT INTO `Ingrediente` (`id`,`calorias`,`gorduras`,`hidratos`,`modoPreparacao`,`nome`,`proteina`) VALUES (35,94,0.6,14,'cozido','feijão',7.8);
INSERT INTO `Ingrediente` (`id`,`calorias`,`gorduras`,`hidratos`,`modoPreparacao`,`nome`,`proteina`) VALUES (36,408,34.5,0,'cru','chouriço',24.5);
INSERT INTO `Ingrediente` (`id`,`calorias`,`gorduras`,`hidratos`,`modoPreparacao`,`nome`,`proteina`) VALUES (37,21,0.5,2.5,'cru','massa de pimentão',0.9);
INSERT INTO `Ingrediente` (`id`,`calorias`,`gorduras`,`hidratos`,`modoPreparacao`,`nome`,`proteina`) VALUES (38,128,4,1.7,'assado','frango inteiro',21.2);
INSERT INTO `Ingrediente` (`id`,`calorias`,`gorduras`,`hidratos`,`modoPreparacao`,`nome`,`proteina`) VALUES (39,80,0.4,0,'cru','bacalhau',19);
INSERT INTO `Ingrediente` (`id`,`calorias`,`gorduras`,`hidratos`,`modoPreparacao`,`nome`,`proteina`) VALUES (40,367,34.6,0,'cru','bacon',13.8);
INSERT INTO `Ingrediente` (`id`,`calorias`,`gorduras`,`hidratos`,`modoPreparacao`,`nome`,`proteina`) VALUES (41,18,0,2.7,'cru','espargos',2.1);
INSERT INTO `Ingrediente` (`id`,`calorias`,`gorduras`,`hidratos`,`modoPreparacao`,`nome`,`proteina`) VALUES (42,89,0,19.2,'cru','batata',2.5);
INSERT INTO `Ingrediente` (`id`,`calorias`,`gorduras`,`hidratos`,`modoPreparacao`,`nome`,`proteina`) VALUES (43,14,0,0.4,'cru','salsa',3.1);
INSERT INTO `Ingrediente` (`id`,`calorias`,`gorduras`,`hidratos`,`modoPreparacao`,`nome`,`proteina`) VALUES (44,57,0.5,13.4,'cru','maçã com casca',0.2);
INSERT INTO `Ingrediente` (`id`,`calorias`,`gorduras`,`hidratos`,`modoPreparacao`,`nome`,`proteina`) VALUES (45,469,30.5,44,'cru','chocolate de culinária',5.4);
INSERT INTO `Ingrediente` (`id`,`calorias`,`gorduras`,`hidratos`,`modoPreparacao`,`nome`,`proteina`) VALUES (46,334,9,56.4,'cru','leite condensado',7.8);
INSERT INTO `Ingrediente` (`id`,`calorias`,`gorduras`,`hidratos`,`modoPreparacao`,`nome`,`proteina`) VALUES (47,359,7.2,66.6,'cru','palitos La Reine',11.5);
INSERT INTO `Ingrediente` (`id`,`calorias`,`gorduras`,`hidratos`,`modoPreparacao`,`nome`,`proteina`) VALUES (48,349,0.1,0,'cru','folha de gelatina',87);
INSERT INTO `Ingrediente` (`id`,`calorias`,`gorduras`,`hidratos`,`modoPreparacao`,`nome`,`proteina`) VALUES (49,47,0.3,0,'cru','claras de ovo',11);
INSERT INTO `Ingrediente` (`id`,`calorias`,`gorduras`,`hidratos`,`modoPreparacao`,`nome`,`proteina`) VALUES (50,233,21,7,'cru','natas para peixe',2);
INSERT INTO `Ingrediente` (`id`,`calorias`,`gorduras`,`hidratos`,`modoPreparacao`,`nome`,`proteina`) VALUES (51,358,1.5,72,'cru','fusilli tricolor',12);
INSERT INTO `Ingrediente` (`id`,`calorias`,`gorduras`,`hidratos`,`modoPreparacao`,`nome`,`proteina`) VALUES (52,117,4.32,0,'cru','salmão fumado',18.28);
INSERT INTO `Ingrediente` (`id`,`calorias`,`gorduras`,`hidratos`,`modoPreparacao`,`nome`,`proteina`) VALUES (53,16,0.18,3.35,'cru','courgette',1.21);
INSERT INTO `Ingrediente` (`id`,`calorias`,`gorduras`,`hidratos`,`modoPreparacao`,`nome`,`proteina`) VALUES (54,73,1.2,0,'cru','polvo',15.6);
INSERT INTO `Ingrediente` (`id`,`calorias`,`gorduras`,`hidratos`,`modoPreparacao`,`nome`,`proteina`) VALUES (55,175,9.8,0,'cru','carne de vaca',21.7);
INSERT INTO `Ingrediente` (`id`,`calorias`,`gorduras`,`hidratos`,`modoPreparacao`,`nome`,`proteina`) VALUES (56,29,0.5,4.9,'cru','polpa de tomate',1.7);
INSERT INTO `Ingrediente` (`id`,`calorias`,`gorduras`,`hidratos`,`modoPreparacao`,`nome`,`proteina`) VALUES (57,9,0.2,1.7,'cru','abóbora',0.3);
INSERT INTO `Ingrediente` (`id`,`calorias`,`gorduras`,`hidratos`,`modoPreparacao`,`nome`,`proteina`) VALUES (58,112,0.16,23.2,'cru','cuscuz',3.79);
INSERT INTO `Ingrediente` (`id`,`calorias`,`gorduras`,`hidratos`,`modoPreparacao`,`nome`,`proteina`) VALUES (59,42,0.2,8.9,'cru','laranja',1.1);
INSERT INTO `Ingrediente` (`id`,`calorias`,`gorduras`,`hidratos`,`modoPreparacao`,`nome`,`proteina`) VALUES (60,50,0.4,12,'cru','romã',0.4);
INSERT INTO `Ingrediente` (`id`,`calorias`,`gorduras`,`hidratos`,`modoPreparacao`,`nome`,`proteina`) VALUES (61,22,0.9,0.8,'cru','espinafres',2.6);
INSERT INTO `Ingrediente` (`id`,`calorias`,`gorduras`,`hidratos`,`modoPreparacao`,`nome`,`proteina`) VALUES (62,24,0,1.5,'cru','sumo de limão',0.3);
INSERT INTO `Ingrediente` (`id`,`calorias`,`gorduras`,`hidratos`,`modoPreparacao`,`nome`,`proteina`) VALUES (63,309,0,78,'cru','mel de cacau',0.5);

## Relation

INSERT INTO `Receita_Ingrediente` (`id`,`Quantidade`,`ingrediente_id`,`receita_id`,`medidas`,`quantidadeCliente`) VALUES (1,300,1,2,'g',300);
INSERT INTO `Receita_Ingrediente` (`id`,`Quantidade`,`ingrediente_id`,`receita_id`,`medidas`,`quantidadeCliente`) VALUES (2,200,2,2,'g',200);
INSERT INTO `Receita_Ingrediente` (`id`,`Quantidade`,`ingrediente_id`,`receita_id`,`medidas`,`quantidadeCliente`) VALUES (3,150,3,2,'g',150);
INSERT INTO `Receita_Ingrediente` (`id`,`Quantidade`,`ingrediente_id`,`receita_id`,`medidas`,`quantidadeCliente`) VALUES (4,12,4,2,'uni',4);
INSERT INTO `Receita_Ingrediente` (`id`,`Quantidade`,`ingrediente_id`,`receita_id`,`medidas`,`quantidadeCliente`) VALUES (5,30,5,2,'uni',1);
INSERT INTO `Receita_Ingrediente` (`id`,`Quantidade`,`ingrediente_id`,`receita_id`,`medidas`,`quantidadeCliente`) VALUES (6,45,6,2,'csp',3);
INSERT INTO `Receita_Ingrediente` (`id`,`Quantidade`,`ingrediente_id`,`receita_id`,`medidas`,`quantidadeCliente`) VALUES (7,600,7,2,'uni',600);
INSERT INTO `Receita_Ingrediente` (`id`,`Quantidade`,`ingrediente_id`,`receita_id`,`medidas`,`quantidadeCliente`) VALUES (8,100,8,2,'ml',100);
INSERT INTO `Receita_Ingrediente` (`id`,`Quantidade`,`ingrediente_id`,`receita_id`,`medidas`,`quantidadeCliente`) VALUES (9,350,9,2,'g',350);
INSERT INTO `Receita_Ingrediente` (`id`,`Quantidade`,`ingrediente_id`,`receita_id`,`medidas`,`quantidadeCliente`) VALUES (10,50,10,2,'g',50);
INSERT INTO `Receita_Ingrediente` (`id`,`Quantidade`,`ingrediente_id`,`receita_id`,`medidas`,`quantidadeCliente`) VALUES (11,150,3,3,'uni',1);
INSERT INTO `Receita_Ingrediente` (`id`,`Quantidade`,`ingrediente_id`,`receita_id`,`medidas`,`quantidadeCliente`) VALUES (12,300,11,3,'uni',1);
INSERT INTO `Receita_Ingrediente` (`id`,`Quantidade`,`ingrediente_id`,`receita_id`,`medidas`,`quantidadeCliente`) VALUES (13,100,12,3,'uni',1);
INSERT INTO `Receita_Ingrediente` (`id`,`Quantidade`,`ingrediente_id`,`receita_id`,`medidas`,`quantidadeCliente`) VALUES (14,30,6,3,'csp',2);
INSERT INTO `Receita_Ingrediente` (`id`,`Quantidade`,`ingrediente_id`,`receita_id`,`medidas`,`quantidadeCliente`) VALUES (15,1000,7,3,'kg',1);
INSERT INTO `Receita_Ingrediente` (`id`,`Quantidade`,`ingrediente_id`,`receita_id`,`medidas`,`quantidadeCliente`) VALUES (16,47,13,3,'uni',1);
INSERT INTO `Receita_Ingrediente` (`id`,`Quantidade`,`ingrediente_id`,`receita_id`,`medidas`,`quantidadeCliente`) VALUES (17,2.5,15,3,'chá',1);
INSERT INTO `Receita_Ingrediente` (`id`,`Quantidade`,`ingrediente_id`,`receita_id`,`medidas`,`quantidadeCliente`) VALUES (18,15,14,3,'csp',1);
INSERT INTO `Receita_Ingrediente` (`id`,`Quantidade`,`ingrediente_id`,`receita_id`,`medidas`,`quantidadeCliente`) VALUES (19,400,16,4,'g',400);
INSERT INTO `Receita_Ingrediente` (`id`,`Quantidade`,`ingrediente_id`,`receita_id`,`medidas`,`quantidadeCliente`) VALUES (20,30,17,4,'csp',2);
INSERT INTO `Receita_Ingrediente` (`id`,`Quantidade`,`ingrediente_id`,`receita_id`,`medidas`,`quantidadeCliente`) VALUES (21,500,18,4,'uni',4);
INSERT INTO `Receita_Ingrediente` (`id`,`Quantidade`,`ingrediente_id`,`receita_id`,`medidas`,`quantidadeCliente`) VALUES (22,45,6,4,'csp',3);
INSERT INTO `Receita_Ingrediente` (`id`,`Quantidade`,`ingrediente_id`,`receita_id`,`medidas`,`quantidadeCliente`) VALUES (23,100,3,4,'g',100);
INSERT INTO `Receita_Ingrediente` (`id`,`Quantidade`,`ingrediente_id`,`receita_id`,`medidas`,`quantidadeCliente`) VALUES (24,100,19,4,'g',100);
INSERT INTO `Receita_Ingrediente` (`id`,`Quantidade`,`ingrediente_id`,`receita_id`,`medidas`,`quantidadeCliente`) VALUES (25,500,7,4,'uni',6);
INSERT INTO `Receita_Ingrediente` (`id`,`Quantidade`,`ingrediente_id`,`receita_id`,`medidas`,`quantidadeCliente`) VALUES (26,80,20,4,'uni',1);
INSERT INTO `Receita_Ingrediente` (`id`,`Quantidade`,`ingrediente_id`,`receita_id`,`medidas`,`quantidadeCliente`) VALUES (27,30,21,4,'csp',2);
INSERT INTO `Receita_Ingrediente` (`id`,`Quantidade`,`ingrediente_id`,`receita_id`,`medidas`,`quantidadeCliente`) VALUES (28,500,9,5,'g',500);
INSERT INTO `Receita_Ingrediente` (`id`,`Quantidade`,`ingrediente_id`,`receita_id`,`medidas`,`quantidadeCliente`) VALUES (29,30,24,5,'csp',2);
INSERT INTO `Receita_Ingrediente` (`id`,`Quantidade`,`ingrediente_id`,`receita_id`,`medidas`,`quantidadeCliente`) VALUES (30,15,25,5,'csp',1);
INSERT INTO `Receita_Ingrediente` (`id`,`Quantidade`,`ingrediente_id`,`receita_id`,`medidas`,`quantidadeCliente`) VALUES (31,100,26,5,'cp',0.5);
INSERT INTO `Receita_Ingrediente` (`id`,`Quantidade`,`ingrediente_id`,`receita_id`,`medidas`,`quantidadeCliente`) VALUES (32,66.6,27,5,'cp',0.333);
INSERT INTO `Receita_Ingrediente` (`id`,`Quantidade`,`ingrediente_id`,`receita_id`,`medidas`,`quantidadeCliente`) VALUES (33,200,28,5,'cp',1);
INSERT INTO `Receita_Ingrediente` (`id`,`Quantidade`,`ingrediente_id`,`receita_id`,`medidas`,`quantidadeCliente`) VALUES (34,200,29,5,'cp',1);
INSERT INTO `Receita_Ingrediente` (`id`,`Quantidade`,`ingrediente_id`,`receita_id`,`medidas`,`quantidadeCliente`) VALUES (35,200,31,5,'cp',1);
INSERT INTO `Receita_Ingrediente` (`id`,`Quantidade`,`ingrediente_id`,`receita_id`,`medidas`,`quantidadeCliente`) VALUES (36,25,22,6,'uni',0.5);
INSERT INTO `Receita_Ingrediente` (`id`,`Quantidade`,`ingrediente_id`,`receita_id`,`medidas`,`quantidadeCliente`) VALUES (37,400,34,6,'ml',400);
INSERT INTO `Receita_Ingrediente` (`id`,`Quantidade`,`ingrediente_id`,`receita_id`,`medidas`,`quantidadeCliente`) VALUES (38,30,6,6,'csp',2);
INSERT INTO `Receita_Ingrediente` (`id`,`Quantidade`,`ingrediente_id`,`receita_id`,`medidas`,`quantidadeCliente`) VALUES (39,150,3,6,'uni',1);
INSERT INTO `Receita_Ingrediente` (`id`,`Quantidade`,`ingrediente_id`,`receita_id`,`medidas`,`quantidadeCliente`) VALUES (40,300,32,6,'g',300);
INSERT INTO `Receita_Ingrediente` (`id`,`Quantidade`,`ingrediente_id`,`receita_id`,`medidas`,`quantidadeCliente`) VALUES (41,150,28,6,'g',150);
INSERT INTO `Receita_Ingrediente` (`id`,`Quantidade`,`ingrediente_id`,`receita_id`,`medidas`,`quantidadeCliente`) VALUES (42,200,31,6,'g',200);
INSERT INTO `Receita_Ingrediente` (`id`,`Quantidade`,`ingrediente_id`,`receita_id`,`medidas`,`quantidadeCliente`) VALUES (43,250,33,6,'g',250);
INSERT INTO `Receita_Ingrediente` (`id`,`Quantidade`,`ingrediente_id`,`receita_id`,`medidas`,`quantidadeCliente`) VALUES (44,300,23,6,'g',300);
INSERT INTO `Receita_Ingrediente` (`id`,`Quantidade`,`ingrediente_id`,`receita_id`,`medidas`,`quantidadeCliente`) VALUES (45,500,35,7,'g',500);
INSERT INTO `Receita_Ingrediente` (`id`,`Quantidade`,`ingrediente_id`,`receita_id`,`medidas`,`quantidadeCliente`) VALUES (46,1000,38,7,'g',1000);
INSERT INTO `Receita_Ingrediente` (`id`,`Quantidade`,`ingrediente_id`,`receita_id`,`medidas`,`quantidadeCliente`) VALUES (47,15,37,7,'csp',1);
INSERT INTO `Receita_Ingrediente` (`id`,`Quantidade`,`ingrediente_id`,`receita_id`,`medidas`,`quantidadeCliente`) VALUES (48,150,3,7,'uni',1);
INSERT INTO `Receita_Ingrediente` (`id`,`Quantidade`,`ingrediente_id`,`receita_id`,`medidas`,`quantidadeCliente`) VALUES (49,4,4,7,'uni',4);
INSERT INTO `Receita_Ingrediente` (`id`,`Quantidade`,`ingrediente_id`,`receita_id`,`medidas`,`quantidadeCliente`) VALUES (50,100,19,7,'g',100);
INSERT INTO `Receita_Ingrediente` (`id`,`Quantidade`,`ingrediente_id`,`receita_id`,`medidas`,`quantidadeCliente`) VALUES (51,50,6,7,'ml',50);
INSERT INTO `Receita_Ingrediente` (`id`,`Quantidade`,`ingrediente_id`,`receita_id`,`medidas`,`quantidadeCliente`) VALUES (52,250,7,7,'g',250);
INSERT INTO `Receita_Ingrediente` (`id`,`Quantidade`,`ingrediente_id`,`receita_id`,`medidas`,`quantidadeCliente`) VALUES (53,150,8,7,'ml',150);
INSERT INTO `Receita_Ingrediente` (`id`,`Quantidade`,`ingrediente_id`,`receita_id`,`medidas`,`quantidadeCliente`) VALUES (54,200,36,7,'g',200);
INSERT INTO `Receita_Ingrediente` (`id`,`Quantidade`,`ingrediente_id`,`receita_id`,`medidas`,`quantidadeCliente`) VALUES (55,650,39,8,'g',650);
INSERT INTO `Receita_Ingrediente` (`id`,`Quantidade`,`ingrediente_id`,`receita_id`,`medidas`,`quantidadeCliente`) VALUES (56,150,10,8,'g',150);
INSERT INTO `Receita_Ingrediente` (`id`,`Quantidade`,`ingrediente_id`,`receita_id`,`medidas`,`quantidadeCliente`) VALUES (57,45,6,8,'csp',3);
INSERT INTO `Receita_Ingrediente` (`id`,`Quantidade`,`ingrediente_id`,`receita_id`,`medidas`,`quantidadeCliente`) VALUES (58,50,40,8,'g',50);
INSERT INTO `Receita_Ingrediente` (`id`,`Quantidade`,`ingrediente_id`,`receita_id`,`medidas`,`quantidadeCliente`) VALUES (59,94,13,8,'uni',2);
INSERT INTO `Receita_Ingrediente` (`id`,`Quantidade`,`ingrediente_id`,`receita_id`,`medidas`,`quantidadeCliente`) VALUES (60,80,41,8,'g',80);
INSERT INTO `Receita_Ingrediente` (`id`,`Quantidade`,`ingrediente_id`,`receita_id`,`medidas`,`quantidadeCliente`) VALUES (61,200,42,8,'uni',2);
INSERT INTO `Receita_Ingrediente` (`id`,`Quantidade`,`ingrediente_id`,`receita_id`,`medidas`,`quantidadeCliente`) VALUES (62,15,14,8,'csp',1);
INSERT INTO `Receita_Ingrediente` (`id`,`Quantidade`,`ingrediente_id`,`receita_id`,`medidas`,`quantidadeCliente`) VALUES (63,5,43,8,'csp',1);
INSERT INTO `Receita_Ingrediente` (`id`,`Quantidade`,`ingrediente_id`,`receita_id`,`medidas`,`quantidadeCliente`) VALUES (64,240,44,8,'uni',2);
INSERT INTO `Receita_Ingrediente` (`id`,`Quantidade`,`ingrediente_id`,`receita_id`,`medidas`,`quantidadeCliente`) VALUES (65,150,3,8,'uni',1);
INSERT INTO `Receita_Ingrediente` (`id`,`Quantidade`,`ingrediente_id`,`receita_id`,`medidas`,`quantidadeCliente`) VALUES (66,141,13,9,'uni',3);
INSERT INTO `Receita_Ingrediente` (`id`,`Quantidade`,`ingrediente_id`,`receita_id`,`medidas`,`quantidadeCliente`) VALUES (67,200,45,9,'g',200);
INSERT INTO `Receita_Ingrediente` (`id`,`Quantidade`,`ingrediente_id`,`receita_id`,`medidas`,`quantidadeCliente`) VALUES (68,397,46,9,'g',397);
INSERT INTO `Receita_Ingrediente` (`id`,`Quantidade`,`ingrediente_id`,`receita_id`,`medidas`,`quantidadeCliente`) VALUES (69,30,15,9,'g',30);
INSERT INTO `Receita_Ingrediente` (`id`,`Quantidade`,`ingrediente_id`,`receita_id`,`medidas`,`quantidadeCliente`) VALUES (70,397,46,10,'g',397);
INSERT INTO `Receita_Ingrediente` (`id`,`Quantidade`,`ingrediente_id`,`receita_id`,`medidas`,`quantidadeCliente`) VALUES (71,500,29,10,'ml',500);
INSERT INTO `Receita_Ingrediente` (`id`,`Quantidade`,`ingrediente_id`,`receita_id`,`medidas`,`quantidadeCliente`) VALUES (72,225,47,10,'g',225);
INSERT INTO `Receita_Ingrediente` (`id`,`Quantidade`,`ingrediente_id`,`receita_id`,`medidas`,`quantidadeCliente`) VALUES (73,10,48,10,'uni',5);
INSERT INTO `Receita_Ingrediente` (`id`,`Quantidade`,`ingrediente_id`,`receita_id`,`medidas`,`quantidadeCliente`) VALUES (74,150,49,10,'g',150);
INSERT INTO `Receita_Ingrediente` (`id`,`Quantidade`,`ingrediente_id`,`receita_id`,`medidas`,`quantidadeCliente`) VALUES (75,200,50,11,'ml',200);
INSERT INTO `Receita_Ingrediente` (`id`,`Quantidade`,`ingrediente_id`,`receita_id`,`medidas`,`quantidadeCliente`) VALUES (76,350,51,11,'g',350);
INSERT INTO `Receita_Ingrediente` (`id`,`Quantidade`,`ingrediente_id`,`receita_id`,`medidas`,`quantidadeCliente`) VALUES (77,300,52,11,'g',300);
INSERT INTO `Receita_Ingrediente` (`id`,`Quantidade`,`ingrediente_id`,`receita_id`,`medidas`,`quantidadeCliente`) VALUES (78,100,53,11,'g',100);
INSERT INTO `Receita_Ingrediente` (`id`,`Quantidade`,`ingrediente_id`,`receita_id`,`medidas`,`quantidadeCliente`) VALUES (79,5,43,11,'g',5);
INSERT INTO `Receita_Ingrediente` (`id`,`Quantidade`,`ingrediente_id`,`receita_id`,`medidas`,`quantidadeCliente`) VALUES (80,1500,54,12,'g',1500);
INSERT INTO `Receita_Ingrediente` (`id`,`Quantidade`,`ingrediente_id`,`receita_id`,`medidas`,`quantidadeCliente`) VALUES (81,125,3,12,'g',125);
INSERT INTO `Receita_Ingrediente` (`id`,`Quantidade`,`ingrediente_id`,`receita_id`,`medidas`,`quantidadeCliente`) VALUES (82,6,4,12,'g',6);
INSERT INTO `Receita_Ingrediente` (`id`,`Quantidade`,`ingrediente_id`,`receita_id`,`medidas`,`quantidadeCliente`) VALUES (83,500,31,12,'g',500);
INSERT INTO `Receita_Ingrediente` (`id`,`Quantidade`,`ingrediente_id`,`receita_id`,`medidas`,`quantidadeCliente`) VALUES (84,160,32,12,'g',160);
INSERT INTO `Receita_Ingrediente` (`id`,`Quantidade`,`ingrediente_id`,`receita_id`,`medidas`,`quantidadeCliente`) VALUES (85,10,6,12,'ml',10);
INSERT INTO `Receita_Ingrediente` (`id`,`Quantidade`,`ingrediente_id`,`receita_id`,`medidas`,`quantidadeCliente`) VALUES (86,500,55,13,'g',500);
INSERT INTO `Receita_Ingrediente` (`id`,`Quantidade`,`ingrediente_id`,`receita_id`,`medidas`,`quantidadeCliente`) VALUES (87,120,56,13,'ml',120);
INSERT INTO `Receita_Ingrediente` (`id`,`Quantidade`,`ingrediente_id`,`receita_id`,`medidas`,`quantidadeCliente`) VALUES (88,100,3,13,'g',100);
INSERT INTO `Receita_Ingrediente` (`id`,`Quantidade`,`ingrediente_id`,`receita_id`,`medidas`,`quantidadeCliente`) VALUES (89,6,4,13,'g',6);
INSERT INTO `Receita_Ingrediente` (`id`,`Quantidade`,`ingrediente_id`,`receita_id`,`medidas`,`quantidadeCliente`) VALUES (90,100,8,13,'ml',100);
INSERT INTO `Receita_Ingrediente` (`id`,`Quantidade`,`ingrediente_id`,`receita_id`,`medidas`,`quantidadeCliente`) VALUES (91,15,32,13,'g',15);
INSERT INTO `Receita_Ingrediente` (`id`,`Quantidade`,`ingrediente_id`,`receita_id`,`medidas`,`quantidadeCliente`) VALUES (92,200,2,13,'g',200);
INSERT INTO `Receita_Ingrediente` (`id`,`Quantidade`,`ingrediente_id`,`receita_id`,`medidas`,`quantidadeCliente`) VALUES (93,10,6,13,'ml',10);
INSERT INTO `Receita_Ingrediente` (`id`,`Quantidade`,`ingrediente_id`,`receita_id`,`medidas`,`quantidadeCliente`) VALUES (94,850,57,14,'uni',1);
INSERT INTO `Receita_Ingrediente` (`id`,`Quantidade`,`ingrediente_id`,`receita_id`,`medidas`,`quantidadeCliente`) VALUES (95,180,58,14,'g',180);
INSERT INTO `Receita_Ingrediente` (`id`,`Quantidade`,`ingrediente_id`,`receita_id`,`medidas`,`quantidadeCliente`) VALUES (96,70,59,14,'uni',0.5);
INSERT INTO `Receita_Ingrediente` (`id`,`Quantidade`,`ingrediente_id`,`receita_id`,`medidas`,`quantidadeCliente`) VALUES (97,250,33,14,'g',250);
INSERT INTO `Receita_Ingrediente` (`id`,`Quantidade`,`ingrediente_id`,`receita_id`,`medidas`,`quantidadeCliente`) VALUES (98,150,60,14,'uni',1);
INSERT INTO `Receita_Ingrediente` (`id`,`Quantidade`,`ingrediente_id`,`receita_id`,`medidas`,`quantidadeCliente`) VALUES (99,50,61,14,'g',50);
INSERT INTO `Receita_Ingrediente` (`id`,`Quantidade`,`ingrediente_id`,`receita_id`,`medidas`,`quantidadeCliente`) VALUES (100,12,62,14,'csb',2);
INSERT INTO `Receita_Ingrediente` (`id`,`Quantidade`,`ingrediente_id`,`receita_id`,`medidas`,`quantidadeCliente`) VALUES (101,24,27,14,'csb',4);
INSERT INTO `Receita_Ingrediente` (`id`,`Quantidade`,`ingrediente_id`,`receita_id`,`medidas`,`quantidadeCliente`) VALUES (102,24,63,14,'csb',4);